{
  "version": 1,
  "notes": "My awesome keymap",
  "documentation": "\"This file is a QMK Configurator export. You can import this at <https://config.qmk.fm>. It can also be used directly with QMK's source code.\n\nTo setup your QMK environment check out the tutorial: <https://docs.qmk.fm/#/newbs>\n\nYou can convert this file to a keymap.c using this command: `qmk json2c {keymap}`\n\nYou can compile this keymap using this command: `qmk compile {keymap}`\"\n",
  "keyboard": "xiudi/xd75",
  "keymap": "xiudi_xd75_layout_ortho_5x15_mine-40cover",
  "layout": "LAYOUT_ortho_5x15",
  "layers": [
    [
      "LT(5,KC_NO)",
      "KC_1",
      "KC_2",
      "KC_3",
      "KC_4",
      "KC_5",
      "KC_NO",
      "LT(6,KC_NO)",
      "KC_NO",
      "KC_6",
      "KC_7",
      "KC_8",
      "KC_9",
      "KC_0",
      "LT(7,KC_NO)",
      "KC_ESC",
      "KC_Q",
      "KC_W",
      "KC_E",
      "KC_R",
      "KC_T",
      "KC_NO",
      "LT(15,KC_TAB)",
      "KC_NO",
      "KC_Y",
      "KC_U",
      "KC_I",
      "KC_O",
      "KC_P",
      "KC_ENT",
      "RALT_T(KC_BSPC)",
      "KC_A",
      "KC_S",
      "KC_D",
      "KC_F",
      "KC_G",
      "KC_NO",
      "KC_NO",
      "KC_NO",
      "KC_H",
      "KC_J",
      "KC_K",
      "KC_L",
      "KC_SCLN",
      "RALT_T(KC_BSPC)",
      "LSFT_T(KC_BSLS)",
      "KC_Z",
      "KC_X",
      "KC_C",
      "KC_V",
      "KC_B",
      "KC_NO",
      "KC_UP",
      "KC_NO",
      "KC_N",
      "KC_M",
      "KC_COMM",
      "KC_DOT",
      "KC_SLSH",
      "RSFT_T(KC_SLSH)",
      "LT(1,KC_NO)",
      "KC_LALT",
      "KC_LCTL",
      "KC_LGUI",
      "LT(2,KC_NO)",
      "KC_SPC",
      "KC_LEFT",
      "KC_DOWN",
      "KC_RGHT",
      "KC_SPC",
      "LT(3,KC_NO)",
      "KC_LGUI",
      "KC_RCTL",
      "KC_LALT",
      "LT(4,KC_NO)"
    ],
    [
      "KC_TRNS",
      "KC_NO",
      "KC_NO",
      "KC_NO",
      "KC_NO",
      "KC_NO",
      "KC_NO",
      "KC_TRNS",
      "KC_NO",
      "KC_NO",
      "KC_NO",
      "KC_NO",
      "KC_NO",
      "KC_NO",
      "KC_TRNS",
      "KC_NO",
      "KC_NO",
      "KC_NO",
      "KC_UP",
      "KC_NO",
      "KC_NO",
      "KC_NO",
      "KC_TRNS",
      "KC_NO",
      "KC_NO",
      "KC_NO",
      "KC_UP",
      "KC_NO",
      "KC_NO",
      "KC_NO",
      "KC_NO",
      "KC_NO",
      "KC_LEFT",
      "KC_DOWN",
      "KC_RGHT",
      "KC_NO",
      "KC_NO",
      "KC_NO",
      "KC_NO",
      "KC_NO",
      "KC_LEFT",
      "KC_DOWN",
      "KC_RGHT",
      "KC_NO",
      "KC_NO",
      "KC_NO",
      "KC_NO",
      "KC_NO",
      "KC_NO",
      "KC_NO",
      "KC_NO",
      "KC_NO",
      "KC_NO",
      "KC_NO",
      "KC_NO",
      "KC_NO",
      "KC_NO",
      "KC_NO",
      "KC_NO",
      "KC_NO",
      "KC_TRNS",
      "KC_NO",
      "KC_NO",
      "KC_NO",
      "KC_TRNS",
      "KC_NO",
      "KC_NO",
      "KC_NO",
      "KC_NO",
      "KC_NO",
      "KC_TRNS",
      "KC_NO",
      "KC_NO",
      "KC_NO",
      "KC_TRNS"
    ],
    [
      "KC_TRNS",
      "KC_NO",
      "KC_NO",
      "KC_NO",
      "KC_NO",
      "KC_NO",
      "KC_NO",
      "KC_TRNS",
      "KC_NO",
      "KC_NO",
      "KC_NO",
      "KC_NO",
      "KC_NO",
      "KC_NO",
      "KC_TRNS",
      "KC_GRV",
      "KC_F1",
      "KC_F2",
      "KC_F3",
      "KC_F4",
      "KC_F5",
      "KC_NO",
      "KC_TRNS",
      "KC_NO",
      "KC_6",
      "KC_7",
      "KC_8",
      "KC_9",
      "KC_0",
      "KC_NO",
      "KC_NO",
      "KC_NO",
      "KC_NO",
      "KC_NO",
      "KC_NO",
      "KC_NO",
      "KC_NO",
      "KC_NO",
      "KC_NO",
      "KC_NO",
      "KC_MINS",
      "KC_EQL",
      "KC_BSLS",
      "KC_QUOT",
      "KC_DEL",
      "KC_LCBR",
      "KC_NO",
      "KC_NO",
      "KC_NO",
      "KC_NO",
      "KC_F11",
      "KC_NO",
      "KC_NO",
      "KC_NO",
      "KC_NO",
      "KC_NO",
      "KC_NO",
      "KC_NO",
      "KC_NO",
      "KC_RBRC",
      "KC_TRNS",
      "KC_NO",
      "KC_NO",
      "KC_NO",
      "KC_TRNS",
      "KC_NO",
      "KC_NO",
      "KC_NO",
      "KC_NO",
      "KC_NO",
      "KC_TRNS",
      "KC_NO",
      "KC_NO",
      "KC_NO",
      "KC_TRNS"
    ],
    [
      "KC_TRNS",
      "KC_NO",
      "KC_NO",
      "KC_NO",
      "KC_NO",
      "KC_NO",
      "KC_NO",
      "KC_TRNS",
      "KC_NO",
      "KC_NO",
      "KC_NO",
      "KC_NO",
      "KC_NO",
      "KC_NO",
      "KC_TRNS",
      "KC_TAB",
      "KC_1",
      "KC_2",
      "KC_3",
      "KC_4",
      "KC_5",
      "KC_NO",
      "KC_TRNS",
      "KC_NO",
      "KC_F6",
      "KC_F7",
      "KC_F8",
      "KC_F9",
      "KC_F10",
      "KC_TILD",
      "KC_DEL",
      "KC_QUOT",
      "KC_BSLS",
      "KC_EQL",
      "KC_MINS",
      "KC_NO",
      "KC_NO",
      "KC_NO",
      "KC_NO",
      "KC_NO",
      "KC_DOWN",
      "KC_NO",
      "KC_NO",
      "KC_NO",
      "KC_NO",
      "KC_LBRC",
      "KC_NO",
      "KC_NO",
      "KC_NO",
      "KC_NO",
      "KC_NO",
      "KC_NO",
      "KC_NO",
      "KC_NO",
      "KC_F12",
      "KC_NO",
      "KC_NO",
      "KC_NO",
      "KC_NO",
      "KC_RCBR",
      "KC_TRNS",
      "KC_NO",
      "KC_NO",
      "KC_NO",
      "KC_TRNS",
      "KC_NO",
      "KC_NO",
      "KC_NO",
      "KC_NO",
      "KC_NO",
      "KC_TRNS",
      "KC_NO",
      "KC_NO",
      "KC_NO",
      "KC_TRNS"
    ],
    [
      "KC_TRNS",
      "KC_NO",
      "KC_NO",
      "KC_NO",
      "KC_NO",
      "KC_NO",
      "KC_NO",
      "KC_TRNS",
      "KC_NO",
      "KC_NO",
      "KC_NO",
      "KC_NO",
      "KC_NO",
      "KC_NO",
      "KC_TRNS",
      "KC_NO",
      "KC_NO",
      "KC_NO",
      "KC_UP",
      "KC_NO",
      "KC_NO",
      "KC_NO",
      "KC_TRNS",
      "KC_NO",
      "KC_NO",
      "KC_NO",
      "KC_NO",
      "KC_NO",
      "KC_NO",
      "KC_NO",
      "KC_NO",
      "KC_NO",
      "KC_LEFT",
      "KC_DOWN",
      "KC_RGHT",
      "KC_NO",
      "KC_NO",
      "KC_NO",
      "KC_NO",
      "KC_NO",
      "KC_NO",
      "KC_NO",
      "KC_NO",
      "KC_NO",
      "KC_NO",
      "KC_NO",
      "KC_NO",
      "KC_NO",
      "KC_NO",
      "KC_9",
      "KC_LSFT",
      "KC_RGUI",
      "KC_4",
      "KC_NO",
      "KC_NO",
      "KC_NO",
      "KC_NO",
      "KC_NO",
      "KC_NO",
      "KC_NO",
      "KC_TRNS",
      "KC_NO",
      "KC_NO",
      "KC_NO",
      "KC_TRNS",
      "KC_NO",
      "KC_NO",
      "KC_NO",
      "KC_NO",
      "KC_NO",
      "KC_TRNS",
      "KC_NO",
      "KC_NO",
      "KC_NO",
      "KC_TRNS"
    ],
    [
      "KC_TRNS",
      "KC_NO",
      "KC_NO",
      "KC_NO",
      "KC_NO",
      "KC_NO",
      "KC_NO",
      "KC_TRNS",
      "KC_NO",
      "KC_NO",
      "KC_NO",
      "KC_NO",
      "KC_NO",
      "KC_NO",
      "KC_TRNS",
      "KC_NO",
      "KC_NO",
      "KC_NO",
      "KC_NO",
      "KC_NO",
      "KC_NO",
      "KC_NO",
      "KC_TRNS",
      "KC_NO",
      "KC_NO",
      "KC_NO",
      "KC_NO",
      "KC_NO",
      "KC_NO",
      "KC_NO",
      "KC_NO",
      "KC_NO",
      "KC_NO",
      "KC_NO",
      "KC_NO",
      "KC_NO",
      "KC_NO",
      "KC_NO",
      "KC_NO",
      "KC_NO",
      "KC_NO",
      "KC_NO",
      "KC_NO",
      "KC_NO",
      "KC_NO",
      "KC_NO",
      "KC_NO",
      "KC_NO",
      "KC_NO",
      "KC_NO",
      "KC_NO",
      "KC_NO",
      "KC_NO",
      "KC_NO",
      "KC_NO",
      "KC_NO",
      "KC_NO",
      "KC_NO",
      "KC_NO",
      "KC_NO",
      "KC_TRNS",
      "KC_NO",
      "KC_NO",
      "KC_NO",
      "KC_TRNS",
      "KC_NO",
      "KC_NO",
      "KC_NO",
      "KC_NO",
      "KC_NO",
      "KC_TRNS",
      "KC_NO",
      "KC_NO",
      "KC_NO",
      "KC_TRNS"
    ],
    [
      "KC_TRNS",
      "KC_NO",
      "KC_NO",
      "KC_NO",
      "KC_NO",
      "KC_NO",
      "KC_NO",
      "KC_TRNS",
      "KC_NO",
      "KC_NO",
      "KC_NO",
      "KC_NO",
      "KC_NO",
      "KC_NO",
      "KC_TRNS",
      "QK_BOOT",
      "KC_NO",
      "KC_NO",
      "KC_NO",
      "KC_NO",
      "KC_NO",
      "KC_NO",
      "KC_TRNS",
      "KC_NO",
      "KC_NO",
      "KC_NO",
      "KC_NO",
      "KC_NO",
      "KC_NO",
      "QK_BOOT",
      "KC_NO",
      "KC_NO",
      "KC_NO",
      "KC_NO",
      "KC_NO",
      "KC_NO",
      "KC_NO",
      "KC_NO",
      "KC_NO",
      "KC_NO",
      "KC_NO",
      "KC_NO",
      "KC_NO",
      "KC_NO",
      "KC_NO",
      "KC_NO",
      "KC_NO",
      "KC_NO",
      "KC_NO",
      "KC_NO",
      "KC_NO",
      "KC_NO",
      "KC_NO",
      "KC_NO",
      "KC_NO",
      "KC_NO",
      "KC_NO",
      "KC_NO",
      "KC_NO",
      "KC_NO",
      "KC_TRNS",
      "KC_NO",
      "KC_NO",
      "KC_NO",
      "KC_TRNS",
      "KC_NO",
      "KC_NO",
      "KC_NO",
      "KC_NO",
      "KC_NO",
      "KC_TRNS",
      "KC_NO",
      "KC_NO",
      "KC_NO",
      "KC_TRNS"
    ],
    [
      "KC_TRNS",
      "KC_NO",
      "KC_NO",
      "KC_NO",
      "KC_NO",
      "KC_NO",
      "KC_NO",
      "KC_TRNS",
      "KC_NO",
      "KC_NO",
      "KC_NO",
      "KC_NO",
      "KC_NO",
      "KC_NO",
      "KC_TRNS",
      "KC_NO",
      "KC_NO",
      "BL_ON",
      "BL_TOGG",
      "BL_BRTG",
      "BL_UP",
      "KC_NO",
      "KC_TRNS",
      "KC_NO",
      "RGB_SPI",
      "RGB_VAI",
      "RGB_SAI",
      "RGB_HUI",
      "RGB_MOD",
      "KC_NO",
      "KC_NO",
      "KC_NO",
      "BL_OFF",
      "RGB_TOG",
      "BL_STEP",
      "BL_DOWN",
      "KC_NO",
      "KC_NO",
      "KC_NO",
      "RGB_SPD",
      "RGB_VAD",
      "RGB_SAD",
      "RGB_HUD",
      "RGB_RMOD",
      "KC_NO",
      "KC_NO",
      "KC_NO",
      "RGB_M_X",
      "RGB_M_K",
      "RGB_M_T",
      "RGB_M_G",
      "KC_NO",
      "KC_NO",
      "KC_NO",
      "RGB_M_P",
      "RGB_M_B",
      "RGB_M_R",
      "RGB_M_SW",
      "RGB_M_SN",
      "KC_NO",
      "KC_TRNS",
      "KC_NO",
      "KC_NO",
      "KC_NO",
      "KC_TRNS",
      "KC_NO",
      "KC_NO",
      "KC_NO",
      "KC_NO",
      "KC_NO",
      "KC_TRNS",
      "KC_NO",
      "KC_NO",
      "KC_NO",
      "KC_TRNS"
    ],
    [],
    [
      "KC_TRNS",
      "KC_1",
      "KC_2",
      "KC_3",
      "KC_4",
      "KC_5",
      "KC_NO",
      "KC_TRNS",
      "KC_NO",
      "KC_6",
      "KC_7",
      "KC_8",
      "KC_9",
      "KC_0",
      "KC_TRNS",
      "LT(5,KC_ESC)",
      "KC_Q",
      "KC_W",
      "KC_F",
      "KC_P",
      "KC_B",
      "KC_NO",
      "KC_TRNS",
      "KC_NO",
      "KC_J",
      "KC_L",
      "KC_U",
      "KC_Y",
      "KC_SCLN",
      "KC_TRNS",
      "RALT_T(KC_BSPC)",
      "KC_A",
      "KC_R",
      "KC_S",
      "KC_T",
      "KC_G",
      "KC_NO",
      "KC_NO",
      "KC_NO",
      "KC_M",
      "KC_N",
      "KC_E",
      "KC_I",
      "KC_O",
      "RALT_T(KC_BSPC)",
      "LSFT_T(KC_LBRC)",
      "KC_Z",
      "KC_X",
      "KC_C",
      "KC_D",
      "KC_V",
      "KC_NO",
      "KC_UP",
      "KC_NO",
      "KC_K",
      "KC_H",
      "KC_COMM",
      "KC_DOT",
      "KC_SLSH",
      "LSFT_T(KC_RBRC)",
      "KC_TRNS",
      "KC_LALT",
      "KC_LCTL",
      "KC_LGUI",
      "KC_TRNS",
      "KC_SPC",
      "KC_LEFT",
      "KC_DOWN",
      "KC_RGHT",
      "KC_SPC",
      "KC_TRNS",
      "KC_LGUI",
      "KC_RCTL",
      "KC_LALT",
      "KC_TRNS"
    ],
    [
      "KC_TRNS",
      "KC_NO",
      "KC_NO",
      "KC_NO",
      "KC_NO",
      "KC_NO",
      "KC_NO",
      "KC_NO",
      "KC_NO",
      "KC_NO",
      "KC_NO",
      "KC_NO",
      "KC_NO",
      "KC_NO",
      "KC_TRNS",
      "KC_NO",
      "KC_NO",
      "KC_NO",
      "KC_NO",
      "KC_NO",
      "KC_NO",
      "KC_NO",
      "KC_NO",
      "KC_NO",
      "KC_NO",
      "KC_NO",
      "KC_NO",
      "KC_NO",
      "KC_NO",
      "KC_NO",
      "KC_NO",
      "KC_NO",
      "KC_NO",
      "KC_NO",
      "KC_NO",
      "KC_NO",
      "KC_NO",
      "KC_NO",
      "KC_NO",
      "KC_NO",
      "KC_NO",
      "KC_NO",
      "KC_NO",
      "KC_NO",
      "KC_NO",
      "KC_NO",
      "KC_NO",
      "KC_NO",
      "KC_NO",
      "KC_NO",
      "KC_NO",
      "KC_NO",
      "KC_NO",
      "KC_NO",
      "KC_NO",
      "KC_NO",
      "KC_NO",
      "KC_NO",
      "KC_NO",
      "KC_NO",
      "KC_TRNS",
      "KC_NO",
      "KC_NO",
      "KC_NO",
      "KC_TRNS",
      "KC_NO",
      "KC_NO",
      "KC_NO",
      "KC_NO",
      "KC_NO",
      "KC_TRNS",
      "KC_NO",
      "KC_NO",
      "KC_NO",
      "KC_TRNS"
    ],
    [
      "KC_TRNS",
      "KC_NO",
      "KC_NO",
      "KC_NO",
      "KC_NO",
      "KC_NO",
      "KC_NO",
      "KC_NO",
      "KC_NO",
      "KC_NO",
      "KC_NO",
      "KC_NO",
      "KC_NO",
      "KC_NO",
      "KC_TRNS",
      "KC_NO",
      "KC_NO",
      "KC_NO",
      "KC_NO",
      "KC_NO",
      "KC_NO",
      "KC_NO",
      "KC_NO",
      "KC_NO",
      "KC_NO",
      "KC_NO",
      "KC_NO",
      "KC_NO",
      "KC_NO",
      "KC_NO",
      "KC_NO",
      "KC_NO",
      "KC_NO",
      "KC_NO",
      "KC_NO",
      "KC_NO",
      "KC_NO",
      "KC_NO",
      "KC_NO",
      "KC_NO",
      "KC_NO",
      "KC_NO",
      "KC_NO",
      "KC_NO",
      "KC_NO",
      "KC_NO",
      "KC_NO",
      "KC_NO",
      "KC_NO",
      "KC_NO",
      "KC_NO",
      "KC_NO",
      "KC_NO",
      "KC_NO",
      "KC_NO",
      "KC_NO",
      "KC_NO",
      "KC_NO",
      "KC_NO",
      "KC_NO",
      "KC_TRNS",
      "KC_NO",
      "KC_NO",
      "KC_NO",
      "KC_TRNS",
      "KC_NO",
      "KC_NO",
      "KC_NO",
      "KC_NO",
      "KC_NO",
      "KC_TRNS",
      "KC_NO",
      "KC_NO",
      "KC_NO",
      "KC_TRNS"
    ],
    [
      "KC_TRNS",
      "KC_NO",
      "KC_NO",
      "KC_NO",
      "KC_NO",
      "KC_NO",
      "KC_NO",
      "KC_NO",
      "KC_NO",
      "KC_NO",
      "KC_NO",
      "KC_NO",
      "KC_NO",
      "KC_NO",
      "KC_TRNS",
      "KC_NO",
      "KC_NO",
      "KC_NO",
      "KC_NO",
      "KC_NO",
      "KC_NO",
      "KC_NO",
      "KC_NO",
      "KC_NO",
      "KC_NO",
      "KC_NO",
      "KC_NO",
      "KC_NO",
      "KC_NO",
      "KC_NO",
      "KC_NO",
      "KC_NO",
      "KC_NO",
      "KC_NO",
      "KC_NO",
      "KC_NO",
      "KC_NO",
      "KC_NO",
      "KC_NO",
      "KC_NO",
      "KC_NO",
      "KC_NO",
      "KC_NO",
      "KC_NO",
      "KC_NO",
      "KC_NO",
      "KC_NO",
      "KC_NO",
      "KC_NO",
      "KC_NO",
      "KC_NO",
      "KC_NO",
      "KC_NO",
      "KC_NO",
      "KC_NO",
      "KC_NO",
      "KC_NO",
      "KC_NO",
      "KC_NO",
      "KC_NO",
      "KC_TRNS",
      "KC_NO",
      "KC_NO",
      "KC_NO",
      "KC_TRNS",
      "KC_NO",
      "KC_NO",
      "KC_NO",
      "KC_NO",
      "KC_NO",
      "KC_TRNS",
      "KC_NO",
      "KC_NO",
      "KC_NO",
      "KC_TRNS"
    ],
    [
      "KC_TRNS",
      "KC_NO",
      "KC_NO",
      "KC_NO",
      "KC_NO",
      "KC_NO",
      "KC_NO",
      "KC_NO",
      "KC_NO",
      "KC_NO",
      "KC_NO",
      "KC_NO",
      "KC_NO",
      "KC_NO",
      "KC_TRNS",
      "KC_NO",
      "KC_NO",
      "KC_NO",
      "KC_NO",
      "KC_NO",
      "KC_NO",
      "KC_NO",
      "KC_NO",
      "KC_NO",
      "KC_NO",
      "KC_NO",
      "KC_NO",
      "KC_NO",
      "KC_NO",
      "KC_NO",
      "KC_NO",
      "KC_NO",
      "KC_NO",
      "KC_NO",
      "KC_NO",
      "KC_NO",
      "KC_NO",
      "KC_NO",
      "KC_NO",
      "KC_NO",
      "KC_NO",
      "KC_NO",
      "KC_NO",
      "KC_NO",
      "KC_NO",
      "KC_NO",
      "KC_NO",
      "KC_NO",
      "KC_NO",
      "KC_NO",
      "KC_NO",
      "KC_NO",
      "KC_NO",
      "KC_NO",
      "KC_NO",
      "KC_NO",
      "KC_NO",
      "KC_NO",
      "KC_NO",
      "KC_NO",
      "KC_TRNS",
      "KC_NO",
      "KC_NO",
      "KC_NO",
      "KC_TRNS",
      "KC_NO",
      "KC_NO",
      "KC_NO",
      "KC_NO",
      "KC_NO",
      "KC_TRNS",
      "KC_NO",
      "KC_NO",
      "KC_NO",
      "KC_TRNS"
    ],
    [
      "KC_TRNS",
      "KC_NO",
      "KC_NO",
      "KC_NO",
      "KC_NO",
      "KC_NO",
      "KC_NO",
      "KC_NO",
      "KC_NO",
      "KC_NO",
      "KC_NO",
      "KC_NO",
      "KC_NO",
      "KC_NO",
      "KC_TRNS",
      "KC_NO",
      "KC_NO",
      "KC_NO",
      "KC_NO",
      "KC_NO",
      "KC_NO",
      "KC_NO",
      "KC_NO",
      "KC_NO",
      "KC_NO",
      "KC_NO",
      "KC_NO",
      "KC_NO",
      "KC_NO",
      "KC_NO",
      "KC_NO",
      "KC_NO",
      "KC_NO",
      "KC_NO",
      "KC_NO",
      "KC_NO",
      "KC_NO",
      "KC_NO",
      "KC_NO",
      "KC_NO",
      "KC_NO",
      "KC_NO",
      "KC_NO",
      "KC_NO",
      "KC_NO",
      "KC_NO",
      "KC_NO",
      "KC_NO",
      "KC_NO",
      "KC_NO",
      "KC_NO",
      "KC_NO",
      "KC_NO",
      "KC_NO",
      "KC_NO",
      "KC_NO",
      "KC_NO",
      "KC_NO",
      "KC_NO",
      "KC_NO",
      "KC_TRNS",
      "KC_NO",
      "KC_NO",
      "KC_NO",
      "KC_TRNS",
      "KC_NO",
      "KC_NO",
      "KC_NO",
      "KC_NO",
      "KC_NO",
      "KC_TRNS",
      "KC_NO",
      "KC_NO",
      "KC_NO",
      "KC_TRNS"
    ],
    [
      "TG(10)",
      "KC_NO",
      "KC_NO",
      "KC_NO",
      "KC_NO",
      "KC_NO",
      "KC_LT",
      "KC_LCBR",
      "KC_GT",
      "KC_NO",
      "KC_NO",
      "KC_NO",
      "KC_NO",
      "KC_NO",
      "TG(9)",
      "KC_NO",
      "KC_NO",
      "KC_NO",
      "KC_NO",
      "KC_NO",
      "KC_NO",
      "KC_LBRC",
      "KC_TRNS",
      "KC_RBRC",
      "KC_NO",
      "KC_NO",
      "KC_NO",
      "KC_NO",
      "KC_NO",
      "KC_NO",
      "KC_NO",
      "KC_NO",
      "KC_NO",
      "KC_NO",
      "KC_NO",
      "KC_NO",
      "KC_LPRN",
      "KC_RCBR",
      "KC_RPRN",
      "KC_NO",
      "KC_NO",
      "KC_NO",
      "KC_NO",
      "KC_NO",
      "KC_NO",
      "KC_NO",
      "KC_NO",
      "KC_NO",
      "KC_NO",
      "KC_NO",
      "KC_NO",
      "KC_NO",
      "KC_NO",
      "KC_NO",
      "KC_NO",
      "KC_NO",
      "KC_NO",
      "KC_NO",
      "KC_NO",
      "KC_NO",
      "TG(11)",
      "KC_NO",
      "KC_NO",
      "KC_NO",
      "TG(12)",
      "KC_NO",
      "KC_NO",
      "TG(0)",
      "KC_NO",
      "KC_NO",
      "TG(13)",
      "KC_NO",
      "KC_NO",
      "KC_NO",
      "TG(14)"
    ]
  ],
  "author": "Anonymous"
}