{
  "version": 1,
  "notes": "My awesome keymap",
  "documentation": "\"This file is a QMK Configurator export. You can import this at <https://config.qmk.fm>. It can also be used directly with QMK's source code.\n\nTo setup your QMK environment check out the tutorial: <https://docs.qmk.fm/#/newbs>\n\nYou can convert this file to a keymap.c using this command: `qmk json2c {keymap}`\n\nYou can compile this keymap using this command: `qmk compile {keymap}`\"\n",
  "keyboard": "xiudi/xd75",
  "keymap": "xd75_layout_06",
  "layout": "LAYOUT_ortho_5x15",
  "layers": [
    [
      "KC_ESC",
      "KC_1",
      "KC_2",
      "KC_3",
      "KC_4",
      "KC_5",
      "KC_MS_L",
      "KC_BTN1",
      "KC_MS_R",
      "KC_6",
      "KC_7",
      "KC_8",
      "KC_9",
      "KC_0",
      "KC_BSPC",
      "KC_TAB",
      "KC_Q",
      "KC_W",
      "KC_F",
      "KC_P",
      "KC_B",
      "KC_QUOT",
      "KC_DEL",
      "KC_BSLS",
      "KC_J",
      "KC_L",
      "KC_U",
      "KC_Y",
      "KC_SCLN",
      "KC_ENT",
      "RALT_T(KC_BSPC)",
      "KC_A",
      "KC_R",
      "KC_S",
      "KC_T",
      "KC_G",
      "KC_LBRC",
      "OSL(2)",
      "KC_RBRC",
      "KC_M",
      "KC_N",
      "KC_E",
      "KC_I",
      "KC_O",
      "RALT_T(KC_BSPC)",
      "SC_LSPO",
      "KC_Z",
      "KC_X",
      "KC_C",
      "KC_D",
      "KC_V",
      "KC_MINS",
      "KC_UP",
      "KC_EQL",
      "KC_K",
      "KC_H",
      "KC_COMM",
      "KC_DOT",
      "KC_SLSH",
      "SC_RSPC",
      "KC_WH_L",
      "KC_LALT",
      "KC_LCTL",
      "KC_LGUI",
      "KC_WH_D",
      "KC_WH_U",
      "KC_LEFT",
      "KC_DOWN",
      "KC_RGHT",
      "KC_SPC",
      "KC_SPC",
      "KC_RGUI",
      "KC_RCTL",
      "KC_LALT",
      "KC_WH_R"
    ],
    [
      "KC_ESC",
      "QK_BOOT",
      "KC_NO",
      "KC_ENT",
      "KC_NO",
      "KC_NO",
      "KC_TRNS",
      "KC_WH_U",
      "KC_TRNS",
      "KC_NO",
      "KC_NUM",
      "KC_PSLS",
      "KC_PAST",
      "KC_PMNS",
      "KC_BSPC",
      "KC_TAB",
      "KC_NO",
      "KC_NO",
      "KC_UP",
      "KC_NO",
      "KC_NO",
      "KC_WH_L",
      "KC_WH_D",
      "KC_WH_R",
      "KC_NO",
      "KC_P7",
      "KC_P8",
      "KC_P9",
      "KC_PPLS",
      "KC_ENT",
      "KC_NO",
      "KC_BSPC",
      "KC_LEFT",
      "KC_DOWN",
      "KC_RGHT",
      "KC_DEL",
      "KC_NO",
      "TO(0)",
      "KC_NO",
      "KC_NO",
      "KC_P4",
      "KC_P5",
      "KC_P6",
      "KC_PCMM",
      "KC_NO",
      "KC_LSFT",
      "KC_NO",
      "KC_NO",
      "KC_DEL",
      "KC_NO",
      "KC_NO",
      "KC_BTN1",
      "KC_MS_U",
      "KC_BTN2",
      "KC_NO",
      "KC_P1",
      "KC_P2",
      "KC_P3",
      "KC_PEQL",
      "KC_RSFT",
      "KC_WH_L",
      "KC_NO",
      "KC_NO",
      "KC_NO",
      "KC_WH_D",
      "KC_WH_U",
      "KC_MS_L",
      "KC_MS_D",
      "KC_MS_R",
      "KC_SPC",
      "KC_P0",
      "KC_P0",
      "KC_PDOT",
      "KC_PENT",
      "KC_WH_R"
    ],
    [
      "KC_GRV",
      "KC_F1",
      "KC_F2",
      "KC_F3",
      "KC_F4",
      "KC_F5",
      "KC_TRNS",
      "KC_PAUS",
      "KC_TRNS",
      "KC_F6",
      "KC_F7",
      "KC_F8",
      "KC_F9",
      "KC_F10",
      "KC_PSCR",
      "KC_NO",
      "KC_F11",
      "KC_F12",
      "KC_NO",
      "KC_NO",
      "KC_NO",
      "KC_NO",
      "QK_BOOT",
      "KC_NO",
      "KC_NO",
      "KC_NO",
      "KC_NO",
      "KC_NO",
      "KC_NO",
      "KC_NO",
      "KC_NO",
      "KC_NO",
      "KC_NO",
      "KC_NO",
      "KC_MSTP",
      "KC_NO",
      "KC_NO",
      "TO(1)",
      "KC_NO",
      "KC_NO",
      "KC_MUTE",
      "KC_NO",
      "KC_MFFD",
      "KC_MPLY",
      "KC_VOLU",
      "KC_NO",
      "KC_NO",
      "KC_NO",
      "KC_NO",
      "KC_NO",
      "KC_NO",
      "KC_NO",
      "KC_NO",
      "KC_NO",
      "KC_NO",
      "KC_NO",
      "KC_NO",
      "KC_MRWD",
      "KC_PAUS",
      "KC_VOLD",
      "KC_NO",
      "KC_LALT",
      "KC_LCTL",
      "KC_NO",
      "KC_NO",
      "KC_NO",
      "KC_SCRL",
      "KC_CAPS",
      "KC_NUM",
      "KC_NO",
      "KC_NO",
      "KC_NO",
      "KC_RCTL",
      "KC_LALT",
      "KC_NO"
    ]
  ],
  "author": "Anonymous"
}