{
    "name": "Air40",
    "vendorId": "0x45D4",
    "productId": "0x0911",
    "lighting": "qmk_backlight_rgblight",
    "matrix": {
      "rows": 4,
      "cols": 12
    },
    "layouts": { 
      "keymap":
[
  [
    "0,0\n\n\n\n\n\n\n\n\nTab",
    "0,1\n\n\n\n\n\n\n\n\nQ",
    "0,2\n\n\n\n\n\n\n\n\nW",
    "0,3\n\n\n\n\n\n\n\n\nE",
    "0,4\n\n\n\n\n\n\n\n\nR",
    "0,5\n\n\n\n\n\n\n\n\nT",
    "0,6\n\n\n\n\n\n\n\n\nY",
    "0,7\n\n\n\n\n\n\n\n\nU",
    "0,8\n\n\n\n\n\n\n\n\nI",
    "0,9\n\n\n\n\n\n\n\n\nO",
    "0,10\n\n\n\n\n\n\n\n\nP",
    "0,11\n\n\n\n\n\n\n\n\nBack Space"
  ],
  [
    "1,0\n\n\n\n\n\n\n\n\nEsc",
    "1,1\n\n\n\n\n\n\n\n\nA",
    "1,2\n\n\n\n\n\n\n\n\nS",
    "1,3\n\n\n\n\n\n\n\n\nD",
    "1,4\n\n\n\n\n\n\n\n\nF",
    "1,5\n\n\n\n\n\n\n\n\nG",
    "1,6\n\n\n\n\n\n\n\n\nH",
    "1,7\n\n\n\n\n\n\n\n\nJ",
    "1,8\n\n\n\n\n\n\n\n\nK",
    "1,9\n\n\n\n\n\n\n\n\nL",
    "1,10\n\n\n\n\n\n\n\n\n;",
    "1,11\n\n\n\n\n\n\n\n\n'"
  ],
  [
    "2,0\n\n\n\n\n\n\n\n\nShift",
    "2,1\n\n\n\n\n\n\n\n\nZ",
    "2,2\n\n\n\n\n\n\n\n\nX",
    "2,3\n\n\n\n\n\n\n\n\nC",
    "2,4\n\n\n\n\n\n\n\n\nV",
    "2,5\n\n\n\n\n\n\n\n\nB",
    "2,6\n\n\n\n\n\n\n\n\nN",
    "2,7\n\n\n\n\n\n\n\n\nM",
    "2,8\n\n\n\n\n\n\n\n\n,",
    "2,9\n\n\n\n\n\n\n\n\n.",
    "2,10\n\n\n\n\n\n\n\n\n/",
    "2,11\n\n\n\n\n\n\n\n\nReturn"
  ],
  [
    "3,0",
    "3,1\n\n\n\n\n\n\n\n\nCtrl",
    "3,2\n\n\n\n\n\n\n\n\nAlt",
    "3,3\n\n\n\n\n\n\n\n\nSuper",
    "3,4\n\n\n\n\n\n\n\n\n&dArr;",
    "3,5",
    "3,6",
    "3,7\n\n\n\n\n\n\n\n\n&uArr;",
    "3,8\n\n\n\n\n\n\n\n\n&larr;",
    "3,9\n\n\n\n\n\n\n\n\n&darr;",
    "3,10\n\n\n\n\n\n\n\n\n&uarr;",
    "3,11\n\n\n\n\n\n\n\n\n&rarr;"
  ]
]
}
  }