{
  "version": 1,
  "notes": "My awesome keymap",
  "documentation": "\"This file is a QMK Configurator export. You can import this at <https://config.qmk.fm>. It can also be used directly with QMK's source code.\n\nTo setup your QMK environment check out the tutorial: <https://docs.qmk.fm/#/newbs>\n\nYou can convert this file to a keymap.c using this command: `qmk json2c {keymap}`\n\nYou can compile this keymap using this command: `qmk compile {keymap}`\"\n",
  "keyboard": "ymdk/ymd40/air40",
  "keymap": "ymdk40air_atm32u4_01",
  "layout": "LAYOUT_ortho_4x12_1x2uC",
  "layers": [
    [
      "KC_ESC",
      "KC_Q",
      "KC_W",
      "KC_F",
      "KC_P",
      "KC_B",
      "KC_J",
      "KC_L",
      "KC_U",
      "KC_Y",
      "KC_SCLN",
      "KC_ENT",
      "RALT_T(KC_BSPC)",
      "KC_A",
      "KC_R",
      "KC_S",
      "KC_T",
      "KC_G",
      "KC_M",
      "KC_N",
      "KC_E",
      "KC_I",
      "KC_O",
      "RALT_T(KC_BSPC)",
      "SC_LSPO",
      "KC_Z",
      "KC_X",
      "KC_C",
      "KC_D",
      "KC_V",
      "KC_K",
      "KC_H",
      "KC_COMM",
      "KC_DOT",
      "KC_SLSH",
      "SC_RSPC",
      "LT(3,KC_NO)",
      "KC_LALT",
      "KC_LCTL",
      "KC_LGUI",
      "LT(1,KC_LEFT)",
      "KC_SPC",
      "LT(2,KC_RGHT)",
      "KC_LGUI",
      "KC_RCTL",
      "KC_LALT",
      "LT(4,KC_RPRN)"
    ],
    [
      "KC_NO",
      "KC_NO",
      "KC_NO",
      "KC_NO",
      "KC_NO",
      "KC_NO",
      "KC_NO",
      "KC_NO",
      "KC_NO",
      "KC_NO",
      "KC_NO",
      "KC_NO",
      "KC_NO",
      "KC_NO",
      "KC_NO",
      "KC_NO",
      "KC_NO",
      "KC_NO",
      "KC_NO",
      "KC_NO",
      "KC_NO",
      "KC_NO",
      "KC_NO",
      "KC_NO",
      "KC_NO",
      "KC_NO",
      "KC_NO",
      "KC_NO",
      "KC_NO",
      "KC_NO",
      "KC_NO",
      "KC_NO",
      "KC_NO",
      "KC_NO",
      "KC_NO",
      "KC_NO",
      "KC_NO",
      "KC_NO",
      "KC_NO",
      "KC_NO",
      "KC_NO",
      "KC_NO",
      "KC_NO",
      "KC_NO",
      "KC_NO",
      "KC_NO",
      "KC_NO"
    ]
  ],
  "author": "Anonymous"
}