{
  "version": 1,
  "notes": "",
  "documentation": "\"This file is a QMK Configurator export. You can import this at <https://config.qmk.fm>. It can also be used directly with QMK's source code.\n\nTo setup your QMK environment check out the tutorial: <https://docs.qmk.fm/#/newbs>\n\nYou can convert this file to a keymap.c using this command: `qmk json2c {keymap}`\n\nYou can compile this keymap using this command: `qmk compile {keymap}`\"\n",
  "keyboard": "planck/rev6_drop",
  "keymap": "planck_rev6_atmega32u4",
  "layout": "LAYOUT_planck_1x2uC",
  "layers": [
    [
      "KC_ESC",
      "KC_Q",
      "KC_W",
      "KC_F",
      "KC_P",
      "KC_B",
      "KC_J",
      "KC_L",
      "KC_U",
      "KC_Y",
      "KC_SCLN",
      "KC_ENT",
      "RALT_T(KC_BSPC)",
      "KC_A",
      "KC_R",
      "KC_S",
      "KC_T",
      "KC_G",
      "KC_M",
      "KC_N",
      "KC_E",
      "KC_I",
      "KC_O",
      "RALT_T(KC_BSPC)",
      "SC_LSPO",
      "KC_Z",
      "KC_X",
      "KC_C",
      "KC_D",
      "KC_V",
      "KC_K",
      "KC_H",
      "KC_COMM",
      "KC_DOT",
      "KC_SLSH",
      "SC_RSPC",
      "TG(1)",
      "KC_LALT",
      "KC_LCTL",
      "KC_LGUI",
      "MO(2)",
      "KC_SPC",
      "MO(3)",
      "KC_LGUI",
      "KC_RCTL",
      "KC_LALT",
      "MO(4)"
    ],
    [
      "KC_NO",
      "KC_NO",
      "KC_NO",
      "KC_UP",
      "KC_NO",
      "KC_NO",
      "KC_NO",
      "KC_NO",
      "KC_UP",
      "KC_NO",
      "KC_NO",
      "KC_NO",
      "KC_NO",
      "KC_NO",
      "KC_LEFT",
      "KC_DOWN",
      "KC_RGHT",
      "KC_NO",
      "KC_NO",
      "KC_LEFT",
      "KC_DOWN",
      "KC_RGHT",
      "KC_NO",
      "KC_NO",
      "KC_NO",
      "KC_NO",
      "KC_NO",
      "KC_NO",
      "KC_NO",
      "KC_NO",
      "KC_NO",
      "KC_NO",
      "KC_NO",
      "KC_NO",
      "KC_NO",
      "KC_NO",
      "KC_TRNS",
      "KC_NO",
      "KC_NO",
      "KC_NO",
      "KC_TRNS",
      "KC_NO",
      "KC_TRNS",
      "KC_NO",
      "KC_NO",
      "KC_NO",
      "KC_TRNS"
    ],
    [
      "KC_GRV",
      "KC_F1",
      "KC_F2",
      "KC_F3",
      "KC_F4",
      "KC_F5",
      "KC_6",
      "KC_7",
      "KC_8",
      "KC_9",
      "KC_0",
      "KC_NO",
      "KC_NO",
      "KC_NO",
      "KC_NO",
      "KC_NO",
      "KC_UP",
      "KC_NO",
      "KC_NO",
      "KC_MINS",
      "KC_EQL",
      "KC_BSLS",
      "KC_QUOT",
      "KC_DEL",
      "KC_LCBR",
      "KC_NO",
      "KC_NO",
      "KC_NO",
      "KC_NO",
      "KC_F11",
      "KC_NO",
      "KC_NO",
      "KC_NO",
      "KC_NO",
      "KC_NO",
      "KC_RBRC",
      "KC_NO",
      "KC_NO",
      "KC_NO",
      "KC_NO",
      "KC_TRNS",
      "KC_NO",
      "MO(15)",
      "KC_NO",
      "KC_NO",
      "KC_NO",
      "KC_NO"
    ],
    [
      "KC_TAB",
      "KC_1",
      "KC_2",
      "KC_3",
      "KC_4",
      "KC_5",
      "KC_F6",
      "KC_F7",
      "KC_F8",
      "KC_F9",
      "KC_F10",
      "KC_TILD",
      "KC_DEL",
      "KC_QUOT",
      "KC_BSLS",
      "KC_EQL",
      "KC_MINS",
      "KC_NO",
      "KC_NO",
      "KC_DOWN",
      "KC_NO",
      "KC_NO",
      "KC_NO",
      "KC_NO",
      "KC_LBRC",
      "KC_NO",
      "KC_NO",
      "KC_NO",
      "KC_NO",
      "KC_NO",
      "KC_F12",
      "KC_NO",
      "KC_NO",
      "KC_NO",
      "KC_NO",
      "KC_RCBR",
      "KC_NO",
      "KC_NO",
      "KC_NO",
      "KC_NO",
      "MO(15)",
      "KC_NO",
      "KC_TRNS",
      "KC_NO",
      "KC_NO",
      "KC_NO",
      "KC_TRNS"
    ],
    [
      "KC_NO",
      "KC_NO",
      "KC_NO",
      "KC_UP",
      "KC_NO",
      "KC_NO",
      "KC_NO",
      "KC_NO",
      "KC_NO",
      "KC_NO",
      "KC_NO",
      "KC_NO",
      "KC_NO",
      "KC_NO",
      "KC_LEFT",
      "KC_DOWN",
      "KC_RGHT",
      "KC_NO",
      "KC_NO",
      "KC_NO",
      "KC_NO",
      "KC_NO",
      "KC_NO",
      "KC_NO",
      "KC_NO",
      "KC_NO",
      "KC_NO",
      "KC_NO",
      "KC_9",
      "KC_LSFT",
      "KC_RGUI",
      "KC_4",
      "KC_NO",
      "KC_NO",
      "KC_NO",
      "KC_NO",
      "KC_NO",
      "KC_NO",
      "KC_NO",
      "KC_NO",
      "KC_NO",
      "KC_NO",
      "KC_NO",
      "KC_NO",
      "KC_NO",
      "KC_NO",
      "KC_TRNS"
    ],
    [],
    [],
    [],
    [],
    [],
    [],
    [],
    [],
    [],
    [],
    [
      "QK_BOOT",
      "KC_NO",
      "BL_ON",
      "BL_TOGG",
      "BL_BRTG",
      "BL_UP",
      "RGB_SPI",
      "RGB_VAI",
      "RGB_SAI",
      "RGB_HUI",
      "RGB_MOD",
      "KC_NO",
      "KC_NO",
      "KC_NO",
      "BL_OFF",
      "RGB_TOG",
      "BL_STEP",
      "BL_DOWN",
      "RGB_SPD",
      "RGB_VAD",
      "RGB_SAD",
      "RGB_HUD",
      "RGB_RMOD",
      "KC_NO",
      "KC_NO",
      "KC_NO",
      "RGB_M_X",
      "RGB_M_K",
      "RGB_M_T",
      "RGB_M_G",
      "RGB_M_P",
      "RGB_M_B",
      "RGB_M_R",
      "RGB_M_SW",
      "RGB_M_SN",
      "KC_NO",
      "KC_NO",
      "KC_NO",
      "KC_NO",
      "KC_NO",
      "KC_TRNS",
      "KC_NO",
      "KC_TRNS",
      "KC_NO",
      "KC_NO",
      "KC_NO",
      "KC_NO"
    ]
  ],
  "author": ""
}