{
  "version": 1,
  "notes": "",
  "documentation": "\"This file is a QMK Configurator export. You can import this at <https://config.qmk.fm>. It can also be used directly with QMK's source code.\n\nTo setup your QMK environment check out the tutorial: <https://docs.qmk.fm/#/newbs>\n\nYou can convert this file to a keymap.c using this command: `qmk json2c {keymap}`\n\nYou can compile this keymap using this command: `qmk compile {keymap}`\"\n",
  "keyboard": "kprepublic/jj40",
  "keymap": "my_jj40keyboard02",
  "layout": "LAYOUT_planck_mit",
  "layers": [
    [
      "KC_ESC",
      "KC_Q",
      "KC_W",
      "KC_F",
      "KC_P",
      "KC_B",
      "KC_J",
      "KC_L",
      "KC_U",
      "KC_Y",
      "KC_SCLN",
      "KC_BSPC",
      "RALT(KC_LPRN)",
      "KC_A",
      "KC_R",
      "KC_S",
      "KC_T",
      "KC_G",
      "KC_M",
      "KC_N",
      "KC_E",
      "KC_I",
      "KC_O",
      "SC_RAPC",
      "LSFT_T(KC_BSPC)",
      "KC_Z",
      "KC_X",
      "KC_C",
      "KC_D",
      "KC_V",
      "KC_K",
      "KC_H",
      "KC_COMM",
      "KC_DOT",
      "KC_SLSH",
      "SC_SENT",
      "KC_QUOT",
      "KC_LALT",
      "KC_LCTL",
      "KC_LGUI",
      "MO(1)",
      "KC_SPC",
      "MO(2)",
      "KC_RGUI",
      "KC_RCTL",
      "KC_LALT",
      "KC_RGHT"
    ],
    [
      "KC_TILD",
      "KC_EXLM",
      "KC_AT",
      "KC_HASH",
      "KC_DLR",
      "KC_PERC",
      "KC_CIRC",
      "KC_AMPR",
      "KC_ASTR",
      "KC_LPRN",
      "KC_RPRN",
      "KC_BSPC",
      "KC_DEL",
      "KC_F1",
      "KC_F2",
      "KC_F3",
      "KC_F4",
      "KC_F5",
      "KC_F6",
      "KC_LCBR",
      "KC_RCBR",
      "KC_PLUS",
      "KC_UNDS",
      "KC_PIPE",
      "KC_BTN2",
      "KC_F7",
      "KC_F8",
      "KC_F9",
      "KC_F10",
      "KC_F11",
      "KC_F12",
      "KC_LT",
      "KC_GT",
      "KC_TRNS",
      "KC_TRNS",
      "KC_TRNS",
      "KC_MS_L",
      "KC_MS_U",
      "KC_MS_D",
      "KC_MS_R",
      "KC_TRNS",
      "KC_BTN1",
      "MO(3)",
      "KC_MNXT",
      "KC_VOLD",
      "KC_VOLU",
      "KC_MPLY"
    ],
    [
      "KC_GRV",
      "KC_1",
      "KC_2",
      "KC_3",
      "KC_4",
      "KC_5",
      "KC_6",
      "KC_7",
      "KC_8",
      "KC_9",
      "KC_0",
      "KC_BSPC",
      "KC_DEL",
      "KC_MINS",
      "KC_EQL",
      "KC_LBRC",
      "KC_RBRC",
      "KC_BSLS",
      "KC_TRNS",
      "KC_LEFT",
      "KC_UP",
      "KC_RGHT",
      "KC_TRNS",
      "KC_TRNS",
      "KC_TRNS",
      "KC_TRNS",
      "KC_TRNS",
      "KC_LPRN",
      "KC_RPRN",
      "KC_TRNS",
      "KC_TRNS",
      "KC_TRNS",
      "KC_DOWN",
      "KC_TRNS",
      "KC_TRNS",
      "KC_TRNS",
      "KC_TRNS",
      "KC_TRNS",
      "KC_TRNS",
      "KC_TRNS",
      "MO(3)",
      "KC_TRNS",
      "KC_TRNS",
      "KC_MNXT",
      "KC_VOLD",
      "KC_VOLU",
      "KC_MPLY"
    ],
    [
      "KC_TRNS",
      "QK_BOOT",
      "KC_TRNS",
      "KC_TRNS",
      "KC_TRNS",
      "KC_TRNS",
      "KC_TRNS",
      "KC_TRNS",
      "KC_TRNS",
      "KC_TRNS",
      "KC_TRNS",
      "KC_DEL",
      "KC_TRNS",
      "KC_TRNS",
      "BL_TOGG",
      "BL_STEP",
      "KC_TRNS",
      "KC_TRNS",
      "KC_TRNS",
      "KC_TRNS",
      "KC_TRNS",
      "KC_TRNS",
      "KC_TRNS",
      "KC_TRNS",
      "KC_TRNS",
      "KC_TRNS",
      "RGB_TOG",
      "RGB_MOD",
      "KC_TRNS",
      "KC_TRNS",
      "KC_TRNS",
      "KC_TRNS",
      "KC_TRNS",
      "KC_TRNS",
      "KC_TRNS",
      "KC_TRNS",
      "KC_TRNS",
      "KC_TRNS",
      "KC_TRNS",
      "KC_TRNS",
      "KC_TRNS",
      "KC_TRNS",
      "KC_TRNS",
      "KC_TRNS",
      "KC_TRNS",
      "KC_TRNS",
      "KC_TRNS"
    ]
  ],
  "author": ""
}